{"_step":13,"epoch":14,"Train_Loss":0.0005861081071197986,"Val_loss":0.011912649034631894,"Mean_IoU":0.8797140947178285,"_timestamp":1.7414944063767316e+09,"_wandb":{"runtime":15197},"_runtime":15190.950150978}