{"Train_Loss":0.0005625281412491556,"Val_loss":0.012245867305689618,"_runtime":742.600050133,"_step":14,"_timestamp":1.7414952082136486e+09,"_wandb":{"runtime":795},"epoch":15,"Mean_IoU":0.8802835721030065}