{"_runtime":762.824176953,"_wandb":{"runtime":956},"_step":0,"epoch":1,"Train_Loss":0.011493924008337436,"Val_loss":0.0015642016457960658,"Mean_IoU":0.8684558986561223,"_timestamp":1.7442466834867382e+09}