{"_runtime":21798.640916309,"_step":29,"_wandb":{"runtime":22179},"epoch":30,"Train_Loss":0.00019075167898540711,"Val_loss":0.017115455750791708,"Mean_IoU":0.8999541505586227,"_timestamp":1.741541350025715e+09}