{"Train_Loss":7.363340686441478e-05,"_wandb":{"runtime":25873},"Val_loss":0.0037264112090823523,"Mean_IoU":0.863385668422856,"_timestamp":1.7442711628595195e+09,"_runtime":24181.799202733,"_step":29,"epoch":30}